{"cameraMode":{"drawMode":0,"name":"Shaded","section":"Shading Mode"},"sceneLighting":true,"audioPlay":false,"sceneViewState":{"m_AlwaysRefresh":false,"showFog":true,"showSkybox":true,"showFlares":true,"showImageEffects":true,"showParticleSystems":true,"showVisualEffectGraphs":true,"m_FxEnabled":true},"in2DMode":false,"pivot":{"x":26.401729583740236,"y":11.907964706420899,"z":15.055809020996094},"rotation":{"x":-0.08413778245449066,"y":-0.041243985295295718,"z":0.003485604654997587,"w":-0.9955949187278748},"size":39.69944381713867,"orthographic":false}